AECX1101,AECX1102,AECX1107,AZZX0011,AECX1104,Positions
4403000000023042,铁岗,0755-27960125,西乡街道,宝安区西乡街道铁岗社区铁岗西路2号,lng:113.886354|lat:22.600614
4403000000023043,麻布,0755-29611457,西乡街道,宝安区海城路麻布居委会,lng:113.871305|lat:22.57139
4403000000023044,径贝,0755-29636306,西乡街道,宝安区西乡街道径贝新村同富楼A栋二楼,lng:113.877846|lat:22.56741
4403000000023045,劳动,0755-27912303,西乡街道,宝安区西乡街道西乡大道288号宝源华丰总部经济大厦一楼,lng:113.861808|lat:22.572361
4403000000023046,流塘,0755-27944819,西乡街道,宝安区西乡街道流塘社区新村路8号,lng:113.806306|lat:22.687223
4403000000023047,桂香,0755-21030247,观澜街道,龙华区观澜街道桂花第二市场26号、27号,lng:114.056603|lat:22.744667
4403000000023048,西乡,0755-27949890,西乡街道,宝安区西乡街道鸣乐街十三栋后座西乡社区居委会,lng:113.877109|lat:22.572523
4403000000023049,龙珠,0755-27951398,西乡街道,宝安区西乡街道龙吟二路189号,lng:113.87864|lat:22.580263
4403000000023050,柳竹,0755-27954795,西乡街道,宝安区西乡河东路1号柳竹社区居委会,lng:113.878625|lat:22.570807
4403000000023051,马峦,0755-28826798,马峦街道,坪山区马峦街道马峦南路8号天峦湖花园1栋负一层马峦社区工作站（马峦小学旁）,lng:114.352206|lat:22.667379
4403000000023052,桃源,0755-29231869,西乡街道,宝安区西乡街道前进二路桃源居世外桃源9区桃源社区工作站,lng:113.860716|lat:22.614363
4403000000023053,富华,0755-29956924,西乡街道,宝安区西乡街道锦花路天骄世家会所二楼,lng:113.89139|lat:22.587802
4403000000023054,老坑,0755-84116022,龙田街道,坪山区龙田街道老坑盘龙路15号,lng:114.358476|lat:22.726672
4403000000023055,光明,0755-27122444,光明街道,光明区光明街道华夏路40号,lng:113.944676|lat:22.753055
4403000000023056,翠湖,0755-27433833,光明街道,光明区光明街道碧园路55号,lng:113.947903|lat:22.759511
4403000000023057,九围,0755-23074367,航城街道,宝安区航城街道九围活动中心2楼,lng:113.843369|lat:22.629662
4403000000023058,黄田,0755-29913168,航城街道,宝安区航城街道黄田社区利达路北金碧工业区2号综合楼一、二楼,lng:113.845173|lat:22.62381
4403000000023059,钟屋,0755-23018069,航城街道,宝安区航城街道钟屋社区钟屋一路73号,lng:113.845698|lat:22.621391
4403000000023060,鹤洲,0755-27478989,航城街道,宝安区航城街道鹤洲社区鹤洲路19号,lng:113.86205|lat:22.627892
4403000000023061,后瑞,0755-27502707,航城街道,宝安区航城街道后瑞社区凯成一路1号,lng:113.833107|lat:22.632904
4403000000023062,迳口,0755-27436670,光明街道,光明区光明街道迳口路迳口新村100号,lng:113.966529|lat:22.764296
4403000000023063,三围,0755-27476363,航城街道,宝安区航城街道三围社区三围北路2号,lng:113.845254|lat:22.614946
4403000000023064,利锦,0755-27513716,航城街道,宝安区航城街道107国道广深路西乡段652号,lng:113.842275|lat:22.636306
4403000000023065,福永,0755-27392907,福永街道,宝安区福永社区西环路13号,lng:113.811912|lat:22.665506
4403000000023066,凤凰,0755-27388566,福永街道,宝安区凤凰社区凤凰山大道98号,lng:113.840558|lat:22.688285
4403000000023067,怀德,0755-27332382,福永街道,宝安区福永街道福永大道170号,lng:113.816508|lat:22.666766
4403000000023068,福围,0755-27301260,福永街道,宝安区福永街道福围社区拾业路18号,lng:113.821914|lat:22.650656
4403000000023069,碧眼,0755-27403955,光明街道,光明区光明街道碧眼新村200号碧眼社区综合服务楼,lng:113.949314|lat:22.757762
4403000000023070,东周,0755-27404486,光明街道,光明区光明街道柑山区2号,lng:113.938889|lat:22.763497
4403000000023080,聚福,0755-27391901,福永街道,宝安区福永街道万福人家天乐阁B座二楼,lng:113.825064|lat:22.668145
4403000000023081,新和,0755-27302060,福海街道,宝安区福海街道新和社区悦盛二路2号,lng:113.805157|lat:22.667757
4403000000023082,塘尾,0755-85279910,福海街道,宝安区福海街道塘尾社区迎春路2号,lng:113.811617|lat:22.702682
4403000000023083,和平,0755-29919630,福海街道,宝安区福海街道和平社区建欣路1号,lng:113.792064|lat:22.690049
4403000000023084,桥头,0755-27305771,福海街道,宝安区桥头鸿德园西门1-15号,lng:113.802384|lat:22.689088
4403000000023087,稔田,0755-29502802,福海街道,宝安区福海街道稔田社区旧路98号,lng:113.831988|lat:22.700884
4403000000023088,新田,0755-27313993,福海街道,宝安区福海街道新田社区凤塘大道39号,lng:113.829694|lat:22.694638
4403000000023089,蚝一,0755-23012640,沙井街道,宝安区民主大道濠景城花园一楼商铺139-156号,lng:113.79008|lat:22.736379
4403000000023090,蚝二,0755-27221062,沙井街道,宝安区沙井街道蚝二学府花园商业街130号,lng:113.796827|lat:22.739473
4403000000023091,上村,0755-27738775,公明街道,光明区公明街道北环路2号,lng:113.912693|lat:22.783948
4403000000023092,新羌,0755-29751116,新湖街道,光明区新湖街道新陂头新南区1号,lng:113.943884|lat:22.799125
4403000000023093,沙一,0755-23576871,沙井街道,宝安区沙井街道西环路建艺装饰材料城二楼沙一社区工作站,lng:113.801913|lat:22.73797
4403000000023094,沙二,0755-27214196,沙井街道,宝安区沙井街道沙三路冠群苑1-3层沙二社区党群服务中心,lng:113.797253|lat:22.740819
4403000000023095,沙三,0755-27209213,沙井街道,宝安区沙井街道沙三社区开发路33号德馨苑4栋1、3层,lng:113.804355|lat:22.742996
4403000000023096,沙四,0755-23016990,沙井街道,宝安区沙井街道沙四社区北环路上善居一楼004号商铺,lng:113.806193|lat:22.747433
4403000000023097,衙边,0755-23237883,沙井街道,宝安区沙井街道岗胜路56-9号,lng:113.813567|lat:22.743693
4403000000023098,沙头,0755-27204121,沙井街道,沙井中熙香莎公馆1栋商业及公共配套01层80号房、二楼89号房,lng:113.808678|lat:22.723661
4403000000023099,大王山,0755-23202550,沙井街道,宝安区沙井街道大王山工业二路（百合雅苑）三楼大王山社区党群服务中心,lng:113.80668|lat:22.713089
4403000000023100,马安山,0755-27220684,沙井街道,宝安区沙井街道马安山社区西区111号,lng:113.830294|lat:22.735361
4403000000023101,辛养,0755-29693006,沙井街道,宝安区沙井街道环镇路145号-1辛养党群服务中心,lng:113.811472|lat:22.739222
4403000000023102,东塘,0755-27281631,沙井街道,宝安区沙井街道东塘大街9号,lng:113.808203|lat:22.733555
4403000000023103,和一,0755-81722938,沙井街道,宝安区沙井街道和一社区和二一路39-1号和悦苑一二层,lng:113.786784|lat:22.711487
4403000000023104,楼村,0755-27116441,新湖街道,光明区新湖街道楼村社区绘猫路38,lng:113.92567|lat:22.779925
4403000000023105,共和,0755-23235881,沙井街道,宝安区沙井街道共和第二工业区A区1栋,lng:113.830294|lat:22.735361
4403000000023106,凤凰,0755-27405379,凤凰街道,光明区凤凰街道凤凰社区光侨大道2580,lng:113.949325|lat:22.736829
4403000000023107,后亭,0755-23213244,沙井街道,宝安区沙井街道后亭社区大埔中路115-11,lng:113.820231|lat:22.755495
4403000000023085,沙井,0755-27728643,沙井街道,宝安区沙井街道环镇路(南)129号,lng:113.811884|lat:22.737516
4403000000023086,壆岗,0755-23016683,沙井街道,宝安区沙井街道壆岗大道228号,lng:113.823015|lat:22.732689
4403000000023108,上寮,0755-27279160,新桥街道,宝安区新桥街道广深路253号,lng:113.842264|lat:22.634662
4403000000023109,合水口,0755-23427603,马田街道,光明区马田街道合水口社区松白路5096号,lng:113.88228|lat:22.781497
4403000000023110,新桥,0755-27279250,新桥街道,宝安区新桥街道北环路110号新桥综合办公楼2楼,lng:113.83493|lat:22.739357
4403000000023111,新二,0755-27279371,新桥街道,宝安区新桥街道新二社区南美西路26号,lng:113.839815|lat:22.731303
4403000000023112,黄埔,0755-27279117,新桥街道,宝安区沙井街道东环路193号,lng:113.84677|lat:22.712508
4403000000023113,万丰,0755-27279319,新桥街道,宝安区新桥街道万丰社区万丰中路469号,lng:113.82529|lat:22.725736
4403000000023114,沙企,0755-29883283,新桥街道,宝安区沙井街道沙井中心区丽沙花都西门一楼（五支旗杆后面）,lng:113.828392|lat:22.716583
4403000000023115,东方,0755-29898286,松岗街道,宝安区东方股份合作公司大楼一、二楼,lng:113.845388|lat:22.761714
4403000000023116,松涛,0755-27716721,松岗街道,宝安区松岗街道河滨南路1号,lng:113.837207|lat:22.768402
4403000000023041,凤凰岗,0755-27781671,西乡街道,宝安区西乡街道凤凰岗社区宝田一路152号,lng:113.88071|lat:22.596003
4403000000023117,马山头,0755-23191206,马田街道,光明区马田街道马山头社区马山头路18号,lng:113.88074|lat:22.777703
4403000000023118,朗下,0755-27138980,松岗街道,宝安区沙江路与高速桥辅道交叉口北150米朗下社区中海西岸华府北区12栋B座一楼（朗下社区党群服务中心）,lng:113.819422|lat:22.769939
4403000000023119,红星,0755-27092663,松岗街道,宝安区红星大道13号红星社区党群服务中心大楼,lng:113.840907|lat:22.765109
4403000000023120,江边,0755-27137337,松岗街道,宝安区松岗街道江边社区工作站（松兴路江边村委公交站旁边）,lng:113.816671|lat:22.772222
4403000000023121,花果山,0755-27710819,松岗街道,宝安区松岗街道环城路花果山商场二巷2号,lng:113.844323|lat:22.771238
4403000000023122,坝光,0755-84234862,葵涌办事处,大鹏新区葵涌办事处丰树山路1号坝光新村8号楼6楼,lng:114.406514|lat:22.63755
4403000000023123,高源,0755-84207233,葵涌办事处,大鹏新区葵涌办事处金葵东路北5号1楼,lng:114.437146|lat:22.628976
4403000000023124,楼岗,0755-23074686,松岗街道,宝安区松岗街道楼岗大道46号办公大楼二楼,lng:113.85888|lat:22.76581
4403000000023125,潭头,0755-27061315,松岗街道,宝安区松岗街道潭头社区工作站（潭头西路66号附近）,lng:113.843375|lat:22.747937
4403000000023126,碧头,0755-27053148,松岗街道,宝安区松岗街道碧头社区许屋路2号党群服务中心大楼（原治安综合大楼）,lng:113.809993|lat:22.780286
4403000000023127,溪涌,0755-84235280,葵涌办事处,大鹏新区葵涌办事处溪坪南路19号1楼,lng:114.357258|lat:22.607862
4403000000023128,罗田,0755-29936552,燕罗街道,宝安区燕罗街道罗田社区燕罗公路118号,lng:113.875662|lat:22.79621
4403000000023129,燕川,0755-23008032,燕罗街道,宝安区燕罗街道燕川社区红湖路33号,lng:113.863061|lat:22.8034
4403000000023130,山门,0755-27713355,燕罗街道,宝安区燕罗街道山门社区山门路麒麟花园A栋一至二楼,lng:113.932403|lat:22.546159
4403000000023131,洪桥头,0755-27058510,燕罗街道,宝安区燕罗街道洪桥头社区洪桥头路4号,lng:113.840025|lat:22.781101
4403000000023132,塘下涌,0755-29930609,燕罗街道,宝安区燕罗街道塘下涌社区众福路12号,lng:113.842887|lat:22.798055
4403000000023133,水田,0755-29519657,石岩街道,宝安区石岩街道宝石东路8号祝龙田股份公司大楼三楼,lng:113.95998|lat:22.683475
4403000000023134,石龙,0755-81793596,石岩街道,宝安区石龙社区德政路春晖苑二楼,lng:113.9735|lat:22.692697
4403000000023135,官田,0755-27760263,石岩街道,宝安区官田社区北环路大树林公园路1号,lng:113.936326|lat:22.672463
4403000000023136,上屋,0755-29001993,石岩街道,宝安区石岩街道上屋大道9号上屋社区工作站,lng:113.934148|lat:22.681626
4403000000023137,龙腾,0755-27645002,石岩街道,宝安区石岩街道光明路1号,lng:113.929026|lat:22.685689
4403000000023138,浪心,0755-29820276,石岩街道,宝安区石岩街道塘头大道200号,lng:113.91853|lat:22.669733
4403000000023139,罗租,0755-29170308,石岩街道,宝安区石岩街道同辉路罗租工作站三楼,lng:113.936483|lat:22.670367
4403000000023140,塘头,0755-29826665,石岩街道,宝安区石岩街道塘头大道15号,lng:113.914887|lat:22.656839
4403000000023141,应人石,0755-27624435,石岩街道,宝安区石岩街道应人石永新街1号,lng:114.118983|lat:22.54482
4403000000023142,平湖,0755-28854350,平湖街道,龙岗区平湖街道平湖社区高原路1号,lng:114.141984|lat:22.689523
4403000000023143,新木,0755-84673543,平湖街道,龙岗区平湖街道新木社区新木路229号,lng:114.13171|lat:22.66548
4403000000023144,辅城坳,0755-84694880,平湖街道,龙岗区平湖街道辅城坳社区岭南路139号,lng:114.097563|lat:22.698203
4403000000023145,鹅公岭,0755-28458061,平湖街道,龙岗区平湖街道鹅公岭社区园岭北路3号,lng:114.152675|lat:22.676986
4403000000023146,上木古,0755-84255991,平湖街道,龙岗区平湖街道上木古社区彩姿南路36号,lng:114.11916|lat:22.668098
4403000000023147,良安田,0755-84687505,平湖街道,龙岗区平湖街道良安田社区爱良路22号,lng:114.148581|lat:22.666694
4403000000023148,白坭坑,0755-84663197,平湖街道,龙岗区平湖街道白坭坑社区白银路77号,lng:114.155586|lat:22.653088
4403000000023149,山厦,0755-84659820,平湖街道,龙岗区平湖街道山厦社区山厦路69号,lng:114.115376|lat:22.704229
4403000000023150,新南,0755-28854780,平湖街道,龙岗区平湖街道新南社区平湖大街369号4栋,lng:114.136063|lat:22.687392
4403000000023153,凤凰,0755-84682668,平湖街道,龙岗区平湖街道凤凰社区平龙东路138号-1,lng:114.133383|lat:22.70341
4403000000023154,力昌,0755-28844677,平湖街道,龙岗区平湖街道力元路66号,lng:114.12642|lat:22.700879
4403000000023155,禾花,0755-28499289,平湖街道,龙岗区平湖街道禾花社区同富路8号,lng:114.32079|lat:22.769726
4403000000023156,布吉,0755-84182500,布吉街道,龙岗区布吉街道布吉莲花路135-1号,lng:114.110781|lat:22.598284
4403000000023157,水径,0755-28877161,吉华街道,龙岗区吉华街道水径社区吉华路237号大坡头综合楼六楼,lng:114.111884|lat:22.610218
4403000000023158,三联,0755-28520953,吉华街道,龙岗区吉华街道三联社区联布北路1号,lng:114.117072|lat:22.625051
4403000000023159,甘坑,0755-28303183,吉华街道,龙岗区吉华街道甘坑新村12巷8-1号,lng:114.106024|lat:22.656681
4403000000023160,布吉圩,0755-28273382,布吉街道,龙岗区布吉街道布吉中心广场B座20楼,lng:114.11783|lat:22.60056
4403000000023161,龙岭,0755-28288907,布吉街道,龙岗区布吉街道龙岭山庄丽廷豪苑二楼,lng:114.113371|lat:22.605953
4403000000023162,长龙,0755-28552513,布吉街道,龙岗区布吉街道长龙社区长龙新村二区六巷1号,lng:114.116481|lat:22.611093
4403000000023163,德兴,0755-28878288,布吉街道,龙岗区布吉街道西环路钱排村源丰楼,lng:114.10776|lat:22.590177
4403000000023164,龙珠,0755-84036238,布吉街道,龙岗区布吉街道龙珠花园龙凤阁1楼,lng:114.12482|lat:22.602253
4403000000023165,国展,0755-89969208,布吉街道,龙岗区布吉街道百合星城D栋121-122号,lng:114.1213|lat:22.59825
4403000000023166,罗岗,0755-84706555,布吉街道,龙岗区布吉街道罗岗荔山公馆5号楼1-2楼,lng:114.127266|lat:22.592333
4403000000023167,凤凰,0755-84189328,布吉街道,龙岗区布吉街道西环路格塘新村97号,lng:114.105524|lat:22.599308
4403000000023168,丽湖,0755-28549607,吉华街道,龙岗区吉华街道上水花园208栋,lng:114.109323|lat:22.628474
4403000000023169,东方半岛,0755-28759517,布吉街道,龙岗区布吉街道半岛苑一栋二楼,lng:114.128789|lat:22.612895
4403000000023170,中海怡翠,0755-28531223,吉华街道,龙岗区吉华街道中海怡翠山庄23栋二楼,lng:114.1094|lat:22.623157
4403000000023171,茂业,0755-28721025,布吉街道,龙岗区布吉街道龙岗大道（布吉段）2279号知春里大厦七楼,lng:114.139414|lat:22.617423
4403000000023172,光华,0755-89317222,吉华街道,龙岗区吉华街道阳光花园17栋2楼,lng:114.116165|lat:22.614353
4403000000023173,金排,0755-22258531,布吉街道,龙岗区布吉街道金排社区金稻田路理想家园3栋1楼,lng:114.126041|lat:22.589337
4403000000023174,南三,0755-28591460,布吉街道,龙岗区布吉街道金运路38号吉大花园C栋三单元一楼,lng:114.122881|lat:22.606369
4403000000023151,木棉湾,0755-28887983,布吉街道,龙岗区布吉街道木棉湾怡国路332号,lng:114.128744|lat:22.604695
4403000000023152,大芬,0755-89513887,布吉街道,龙岗区布吉街道大芬中怡路40号,lng:114.139548|lat:22.612101
4403000000023175,翠湖,0755-84271478,吉华街道,龙岗区吉华街道大靓花园综合楼一楼,lng:114.106471|lat:22.609548
4403000000023176,文景,0755-84272090,布吉街道,龙岗区布吉街道金运家园2B栋2楼,lng:114.121334|lat:22.607338
4403000000023177,可园,0755-84418833,布吉街道,龙岗区布吉街道湖中路可园花园19栋商铺1103号,lng:114.135239|lat:22.599827
4403000000023178,四季花城,0755-28770019,坂田街道,龙岗区坂田街道四季花城桂花苑东商业街F102商铺二楼,lng:114.059438|lat:22.6257
4403000000023179,新雪,0755-28791716,坂田街道,龙岗区坂田街道新雪社区坂澜大道嘉霖华禧5、6栋商铺负二楼,lng:114.078068|lat:22.649252
4403000000023180,三溪,0755-84207418,葵涌办事处,大鹏新区葵涌办事处金业路138号1楼,lng:114.428924|lat:22.634881
4403000000023181,坂田,0755-28893886,坂田街道,龙岗区坂田街道坂田第三工业区1栋,lng:114.068742|lat:22.63338
4403000000023182,杨美,0755-89608005,坂田街道,龙岗区坂田街道杨美社区发达路风清林苑一、二楼,lng:114.075995|lat:22.630677
4403000000023183,大发埔,0755-89749228,坂田街道,龙岗区坂田街道大发埔里石排村一巷20号A栋坂田集团商务中心附楼1楼,lng:114.058256|lat:22.631461
4403000000023184,南坑,0755-84190839,坂田街道,龙岗区坂田街道南坑社区南坑市场三楼,lng:114.063016|lat:22.614658
4403000000023185,马安堂,0755-28777629,坂田街道,龙岗区坂田新河街8-1号,lng:114.075603|lat:22.625483
4403000000023186,五和,0755-84712138,坂田街道,龙岗区坂田街道和磡村一巷1号1、4、5楼,lng:114.06394|lat:22.62266
4403000000023187,万科城,0755-89506934,坂田街道,龙岗区坂田街道坂雪岗大道万科城丁香公寓二楼,lng:114.067658|lat:22.649713
4403000000023188,第五园,0755-89370076,坂田街道,龙岗区坂田街道第五园五期二栋一楼,lng:114.070118|lat:22.61288
4403000000023189,象角塘,0755-28386601,坂田街道,龙岗区坂田街道雪象花园新村B区61-63-85栋1、2楼,lng:114.07556|lat:22.651246
4403000000023190,官湖,0755-84236122,葵涌办事处,大鹏新区葵涌办事处官湖东路88号3楼,lng:114.42849|lat:22.603579
4403000000023191,丹竹头,0755-28754868,南湾街道,龙岗区南湾街道丹竹头社区共创盈公馆2楼,lng:114.153624|lat:22.622895
4403000000023192,土洋,0755-84230405,葵涌办事处,大鹏新区葵涌办事处吓门路18号3楼,lng:114.415856|lat:22.639508
4403000000023193,吉厦,0755-28740683,南湾街道,龙岗区南湾街道吉厦社区裕昌路6号,lng:114.159531|lat:22.614468
4403000000023194,厦村,0755-28753903,南湾街道,龙岗区南湾街道厦村社区桂新三路2号,lng:114.164315|lat:22.610549
4403000000023195,樟树布,0755-89368534,南湾街道,龙岗区南湾街道布沙路59号六楼,lng:114.156697|lat:22.605022
4403000000023196,葵丰,0755-84202933,葵涌办事处,大鹏新区葵涌办事处丰树山东路98号3楼,lng:114.412368|lat:22.636116
4403000000023197,葵涌,0755-84209806,葵涌办事处,大鹏新区葵涌办事处葵涌延安路6号3-4楼,lng:114.429651|lat:22.632218
4403000000023198,沙湾,0755-28748724,南湾街道,龙岗区南湾街道沙湾兴华路66号,lng:114.164594|lat:22.608434
4403000000023199,南龙,0755-84268177,南湾街道,龙岗区南湾街道南岭花园综合市场三楼,lng:114.143408|lat:22.603209
4403000000023200,葵新,0755-84206568,葵涌办事处,大鹏新区葵涌办事处葵鹏路30号1-3楼,lng:114.427299|lat:22.618098
4403000000023201,鹏城,0755-84319843,大鹏办事处,大鹏新区大鹏办事处鹏城社区鹏飞路82号,lng:114.508162|lat:22.592564
4403000000023202,布新,0755-84305136,大鹏办事处,大鹏新区大鹏办事处布新社区布新路33号,lng:114.48484|lat:22.57962
4403000000023203,南新,0755-84038706,南湾街道,龙岗区南湾街道布沙路140号,lng:114.147028|lat:22.60686
4403000000023204,岭澳,0755-84308591,大鹏办事处,大鹏新区大鹏办事处岭南路9号,lng:114.474189|lat:22.593536
4403000000023217,南联,0755-84828256,龙岗街道,龙岗区龙岗街道南联路32号,lng:114.263727|lat:22.723261
4403000000023218,大鹏,0755-84303010,大鹏办事处,大鹏新区大鹏办事处王母街18号,lng:114.479177|lat:22.592332
4403000000023219,新生,0755-84889831,龙岗街道,龙岗区龙岗街道新生社区沿河路8号,lng:114.276972|lat:22.738904
4403000000023220,南约,0755-84822259,宝龙街道,龙岗区宝龙街道南约社区比宝二路83号,lng:114.276969|lat:22.692062
4403000000023221,同乐,0755-89266525,宝龙街道,龙岗区宝龙街道同乐社区乐园路18号,lng:114.307864|lat:22.710436
4403000000023222,龙岗墟,0755-28832232,龙岗街道,龙岗区龙岗街道紫苑街108号,lng:114.285755|lat:22.732889
4403000000023223,平南,0755-84809011,龙岗街道,龙岗区龙岗街道碧新路2033号,lng:114.269046|lat:22.71161
4403000000023224,宝龙,0755-89900500,宝龙街道,龙岗区宝龙街道宝龙社区宝龙二路1号,lng:114.290272|lat:22.685243
4403000000023225,同德,0755-89266186,宝龙街道,龙岗区宝龙街道同德社区浪背村9号,lng:114.325732|lat:22.731154
4403000000023226,六约,0755-28633112,横岗街道,龙岗区横岗街道六约社区恒丰路22号,lng:114.189304|lat:22.62751
4403000000023227,横岗,0755-28861963,横岗街道,龙岗区横岗街道横岗社区坝心街3号,lng:114.20556|lat:22.643526
4403000000023228,同心,0755-89266621,宝龙街道,龙岗区宝龙街道深汕路（龙岗段）341号万泉工业区内固本强基综合楼,lng:114.29276|lat:22.727892
4403000000023229,龙东,0755-84862251,宝龙街道,龙岗区宝龙街道龙东社区金井路33号,lng:114.287816|lat:22.720186
4403000000023230,龙新,0755-28835795,宝龙街道,龙岗区宝龙街道龙新社区龙升路89号,lng:114.30272|lat:22.733341
4403000000023231,爱联,0755-28955666,龙城街道,龙岗区龙城街道爱联社区爱南路666号一楼大厅,lng:114.229929|lat:22.691711
4403000000023232,王母,0755-84305285,大鹏办事处,大鹏新区大鹏办事处迎宾路70号,lng:114.472841|lat:22.597067
4403000000023233,水头沙,0755-84428266,南澳办事处,大鹏新区南澳办事处南澳水头沙社区水沙路100号,lng:114.479672|lat:22.55048
4403000000023234,回龙埔,0755-28936274,龙城街道,龙岗区龙城街道万科翰林城12栋1楼便民服务大厅,lng:114.231906|lat:22.731651
4403000000023235,愉园,0755-89729319,龙城街道,龙岗区龙城街道中心城万科金色沁园7栋1楼,lng:114.224754|lat:22.723862
4403000000023236,尚景,0755-89987601,龙城街道,龙岗区龙城街道中心城尚景华园16栋A112号,lng:114.242033|lat:22.727462
4403000000023237,黄阁坑,0755-89983868,龙城街道,龙岗区龙城街道天昊华庭A8栋2楼,lng:114.212118|lat:22.711541
4403000000023238,盛平,0755-28962258,龙城街道,龙岗区龙城街道盛平社区龙西东路41号,lng:114.25549|lat:22.736557
4403000000023239,龙红格,0755-28937979,龙城街道,龙岗区龙城街道黄阁翠苑会所109号,lng:114.211736|lat:22.713726
4403000000023240,紫薇,0755-28901492,龙城街道,龙岗区龙城街道新亚洲花园商铺一区吉祥路249号二楼,lng:114.237935|lat:22.717109
4403000000023241,新联,0755-28966555,龙城街道,龙岗区龙城街道龙城街道爱联美晨路18号,lng:114.235004|lat:22.701961
4403000000023242,嶂背,0755-28953331,龙城街道,龙岗区龙城街道嶂背社区园湖路横三巷3号,lng:114.24119|lat:22.679863
4403000000023243,吉祥,0755-89335556,龙城街道,龙岗区龙城街道爱联社区美晨路18号爱联办公大厦,lng:114.235004|lat:22.701961
4403000000023244,六联,0755-84088823,坪地街道,龙岗区坪地街道六联社区鹤鸣西路18号,lng:114.32613|lat:22.78913
4403000000023245,坪西,0755-84083638,坪地街道,龙岗区坪地街道坪西社区富泰南路1号,lng:114.283525|lat:22.762347
4403000000023246,年丰,0755-84086217,坪地街道,龙岗区坪地街道年丰社区坪梓路21号,lng:114.329293|lat:22.766393
4403000000023247,坪东,0755-84076826,坪地街道,龙岗区坪地街道同心南路78号,lng:114.313833|lat:22.766849
4403000000023248,四方埔,0755-84077986,坪地街道,龙岗区坪地街道西湖塘街6号,lng:114.321203|lat:22.760657
4403000000023249,中心,0755-84091956,坪地街道,龙岗区坪地街道湖田路8号,lng:114.30544|lat:22.764884
4403000000023250,怡心,0755-84053296,坪地街道,龙岗区坪地街道文明东路21号,lng:114.303528|lat:22.76926
4403000000023251,坪地,0755-84090548,坪地街道,龙岗区坪地街道湖田路66号,lng:114.311215|lat:22.770924
4403000000023252,高桥,0755-84089030,坪地街道,龙岗区坪地街道教育北路72号,lng:114.298885|lat:22.782275
4403000000023253,西涌,0755-84421165,南澳办事处,大鹏新区南澳办事处西涌鹤薮二区190号,lng:114.493895|lat:22.536082
4403000000023254,东涌,0755-84420061,南澳办事处,大鹏新区南澳办事处东涌社区大围126号,lng:114.493895|lat:22.536082
4403000000023255,东山,0755-84422459,南澳办事处,大鹏新区南澳办事处东山社区大碓路58号,lng:114.493895|lat:22.536082
4403000000023256,东渔,0755-84422452,南澳办事处,大鹏新区南澳办事处东渔街1号,lng:114.493895|lat:22.536082
4403000000023257,南渔,0755-84404223,南澳办事处,大鹏新区南澳办事处人民路2号6楼,lng:114.04793|lat:22.702435
4403000000023258,南澳,0755-84401426,南澳办事处,大鹏新区南澳办事处人民路2号（文体中心）三楼309室,lng:114.04793|lat:22.702435
4403000000023259,新大,0755-84425457,南澳办事处,大鹏新区南澳办事处新大路55号,lng:114.516461|lat:22.536199
4403000000023260,南隆,0755-84401154,南澳办事处,大鹏新区南澳办事处人民路39号,lng:113.887422|lat:22.785121
4403000000023261,华航,0755-83258618,华强北街道,福田区振华路V尚街三楼,lng:114.08407|lat:22.54489
4403000000023262,罗湖桥,0755-82221933,南湖街道,罗湖区人民南路2011号联华大厦2楼,lng:114.118318|lat:22.536721
4403000000023263,渔邨,0755-22161149,南湖街道,罗湖区渔民村38号幸福万象一楼,lng:114.111232|lat:22.532874
4403000000023264,向西,0755-22318992,南湖街道,罗湖区东门南路太阳岛大厦12N,lng:114.124024|lat:22.540406
4403000000023265,嘉南,0755-25106805,南湖街道,罗湖区春风路广西外贸小区3号楼3楼,lng:114.125578|lat:22.537386
4403000000023266,桂木园,0755-82475206,桂园街道,罗湖区桂园路24号桂木园小区1栋2楼,lng:114.112285|lat:22.546579
4403000000023267,鹿丹村,0755-82495104,桂园街道,罗湖区中海鹿丹名苑10栋201、202,lng:114.107346|lat:22.534154
4403000000023268,翠平,0755-25612897,翠竹街道,罗湖区田贝二路9号金翠园A座二楼,lng:114.128469|lat:22.561237
4403000000023269,翠锦,0755-25601593,翠竹街道,罗湖区田贝四路水田一街10号2楼（水贝肉菜市场楼上）,lng:114.124022|lat:22.566493
4403000000023270,民新,0755-25485065,翠竹街道,罗湖区文锦北路与田贝二路交汇处德宏天下A栋、B栋裙楼半地下室层004号,lng:114.123647|lat:22.561081
4403000000023271,马山,0755-23199138,东晓街道,罗湖区东晓街道草埔东紫荆花园A座2楼,lng:114.117505|lat:22.58673
4403000000023272,银湖,0755-82427262,清水河街道,银湖社区居委会地址：罗湖区北环大道1028号华润银湖蓝山11号楼二楼,lng:114.082981|lat:22.570397
4403000000023273,北头,0755-26425860,南山街道,南新路北头豪苑1173号北头股份公司一楼,lng:113.91875|lat:22.520515
4403000000023274,登良,0755-26433615,南山街道,南山区中兴工业城7栋1楼,lng:113.92337|lat:22.515604
4403000000023275,风华,0755-86058597,南山街道,南山区前海路鼎太风华南会所三楼,lng:113.912398|lat:22.51884
4403000000023276,荔林,0755-86033163,南山街道,南山区荔林路8号中熙君南山2栋首层,lng:113.916831|lat:22.508388
4403000000023277,南光,0755-26072028,南山街道,南山区海德二道418号南光花园9栋首层,lng:113.924633|lat:22.522449
4403000000023278,南山,0755-86251662,南山街道,南山区阳光科创中心E座2楼,lng:113.914276|lat:22.51379
4403000000023279,月亮湾,0755-26523177,南山街道,南山区兴海大道22号月亮湾花园33栋102号,lng:113.888901|lat:22.492579
4403000000023280,东方,0755-26922477,沙河街道,南山区华侨城东方花园服务楼301号,lng:113.965182|lat:22.55529
4403000000023281,星河,0755-26924303,沙河街道,南山区沙河世纪假日广场B座209,lng:113.97274|lat:22.53851
4403000000023282,大铲,0755-26697637,蛇口街道,南山区后海理想雅园裙楼13-15号,lng:113.935712|lat:22.493464
4403000000023283,东角头,0755-26826077,蛇口街道,南山区蛇口街道望海路1088号海韵嘉园东区裙楼1楼,lng:113.925856|lat:22.48556
4403000000023284,海滨,0755-26865131,蛇口街道,南山区蛇口新荣村小区C3栋一层101-103房,lng:113.926184|lat:22.486942
4403000000023285,南水,0755-26682833,蛇口街道,南山区蛇口公园南路11号南水社区工作站1楼,lng:113.924427|lat:22.488399
4403000000023287,湾厦,0755-88275127,蛇口街道,南山区蛇口湾厦北路122号泰福苑三楼,lng:113.933442|lat:22.488956
4403000000023288,渔二,0755-26671028,蛇口街道,南山区蛇口新街90号二楼渔二社区工作站,lng:113.93033|lat:22.485372
4403000000023289,桂园,0755-26828241,招商街道,南山区近海路招商服务大厦南座二楼（约596平方米）,lng:113.931951|lat:22.502823
4403000000023290,水湾,0755-26884231,招商街道,南山区蛇口荔园路38号水湾1979花园3座4楼,lng:113.91916|lat:22.489855
4403000000023291,五湾,0755-26815913,招商街道,南山区蛇口松湖二路8号鲸山花园9期十四栋1层,lng:113.9063|lat:22.477805
4403000000023292,沿山,0755-26828642,招商街道,南山区沿山路42号花园城5期2栋一楼,lng:113.919625|lat:22.499223
4403000000023293,滨海,0755-26555693,粤海街道,南山区书山路26号海文花园会所2楼,lng:113.932679|lat:22.523152
4403000000023294,创业路,0755-26643157,粤海街道,南山区龙城路58号,lng:113.930399|lat:22.512777
4403000000023295,大冲,0755-26741637,粤海街道,南山区科技园大冲社区新城花园2栋2C3楼,lng:113.951533|lat:22.542245
4403000000023296,高新区,0755-86152712,粤海街道,南山区深圳湾科技生态园2栋A座2楼,lng:113.953826|lat:22.528092
4403000000023297,深大,0755-26558386,粤海街道,南山区深圳大学乔相阁一楼,lng:113.934159|lat:22.527392
4403000000023298,粤桂,0755-26720689,粤海街道,南山区桂庙新村90号一楼,lng:113.931796|lat:22.525517
4403000000023299,长源,0755-26587069,桃源街道,南山区桃源街道长源社区长源花园1号楼二楼,lng:114.009468|lat:22.596369
4403000000023300,大学城,0755-26519201,桃源街道,南山区丽山路16号西湖林语名苑3栋一楼,lng:113.964699|lat:22.592663
4403000000023301,福光,0755-86180728,桃源街道,南山区学苑大道崇文花园5A栋一楼,lng:113.992197|lat:22.591691
4403000000023302,龙光,0755-26786977,桃源街道,南山区桃源街道龙井路龙井村东区15号一楼,lng:113.974958|lat:22.560265
4403000000023303,龙辉,0755-26547435,桃源街道,南山区龙珠大道245号龙辉花园26栋107,lng:113.958376|lat:22.567231
4403000000023304,沙湖,0755-84625588,碧岭街道,坪山区碧岭街道沙湖同裕路238号,lng:114.313656|lat:22.670856
4403000000023305,碧岭,0755-84629483,碧岭街道,坪山区坪山街道碧岭社区风顺路28号,lng:114.289303|lat:22.667725
4403000000023306,汤坑,0755-84625488,碧岭街道,坪山区碧沙北路坪山首座四栋六楼,lng:114.315821|lat:22.666277
4403000000023307,坪环,0755-28826324,马峦街道,坪山区马峦街道坪环路34号,lng:114.347521|lat:22.681069
4403000000023308,龙联,0755-86230263,桃源街道,南山区桃源街道龙珠一路6号桃源文体中心附属楼A座三楼,lng:113.875749|lat:22.579822
4403000000023309,江岭,0755-89936088,马峦街道,坪山区坪山街道江岭社区文化广场办公大楼,lng:114.346251|lat:22.691253
4403000000023310,沙坣,0755-89928892,马峦街道,坪山区马峦街道同富裕工业区宿舍6栋,lng:114.341975|lat:22.673543
4403000000023311,金龟,0755-84627388,石井街道,坪山区坪山街道坪葵路189号,lng:114.3998|lat:22.657791
4403000000023312,石井,0755-84621282,石井街道,坪山区坪山街道石井金田路15号,lng:114.38005|lat:22.69146
4403000000023313,田头,0755-84632266,石井街道,坪山区金田路212号,lng:114.401928|lat:22.691331
4403000000023314,田心,0755-84632831,石井街道,坪山区金田路348号,lng:114.41705|lat:22.69375
4403000000023315,竹坑,0755-84630508,龙田街道,坪山区龙田街道金牛东路66号,lng:114.398319|lat:22.711012
4403000000023316,南布,0755-89666343,龙田街道,坪山区燕子岭五路海昱生活区南布社区工作站,lng:114.362538|lat:22.700557
4403000000023317,平山,0755-26985657/26985581,桃源街道,南山区桃源街道平山社区平山村平福苑二楼,lng:113.966965|lat:22.58413
4403000000023318,龙田,0755-84123557,龙田街道,坪山区龙田街道街道龙田社区龙腾路23号,lng:114.371339|lat:22.755911
4403000000023319,坑梓,0755-84133160,坑梓街道,坪山区坑梓街道人民西路1号,lng:114.370299|lat:22.743659
4403000000023320,秀新,0755-84134569,坑梓街道,坪山区坑梓街道人民西路32号,lng:114.376447|lat:22.744944
4403000000023321,金沙,0755-84129578,坑梓街道,坪山区坑梓街道金康路71号,lng:114.400459|lat:22.753144
4403000000023322,沙田,0755-84126767,坑梓街道,坪山区坑梓街道沙田南路1号,lng:114.401534|lat:22.757039
4403000000023323,六联,0755-28361516,坪山街道,坪山区坪山街道东成路8号,lng:114.330337|lat:22.692497
4403000000023286,坪山,0755-28826492,坪山街道,坪山区坪山街道立北小区四巷11号,lng:114.35214|lat:22.689609
4403000000023324,六和,0755-28822663,坪山街道,坪山区坪山街道正坑路6号,lng:114.345231|lat:22.701198
4403000000023325,和平,0755-28829696,坪山街道,坪山区坪山街道中兴西2巷26号,lng:114.346251|lat:22.691253
4403000000023326,塘朗,0755-26554116,桃源街道,南山区桃源街道塘朗大厦1号2楼,lng:113.98732|lat:22.59013
4403000000023327,桃源,0755-26793621,桃源街道,南山区龙珠大道桃源村94栋二楼,lng:113.981493|lat:22.558369
4403000000022669,珠光,0755-86652908,桃源街道,南山区桃源街道龙珠一路6号桃源文体中心附属楼A座四楼,lng:113.875749|lat:22.579822
4403000000022670,峰景,0755-86107512,桃源街道,南山区龙珠大道040号梅州大厦三楼,lng:113.984395|lat:22.559249
4403000000022671,白花,0755-27432208,光明街道,光明区光明街道白花社区富民大道社区综合服务楼,lng:113.949314|lat:22.757762
4403000000022672,龙珠,0755-86075407,桃源街道,南山龙珠八路桃源村三期3C负一楼。,lng:113.985586|lat:22.557324
4403000000022673,西田,0755-27113079,公明街道,光明区公明街道西田社区志康路10号综合楼,lng:113.889749|lat:22.801317
4403000000022674,李松蓢,0755-27126398,公明街道,光明区公明街道李松蓢社区浦园路2号,lng:113.893598|lat:22.798323
4403000000022675,梧桐,0755-25360297,海山街道,盐田区香径东街28号暗径新村1栋2楼,lng:114.236181|lat:22.557643
4403000000022676,下村,0755-27160209,公明街道,光明区公明街道下村社区富利路与水荫路交汇处,lng:113.887411|lat:22.784753
4403000000022677,公明,0755-27738747,公明街道,光明区公明街道振明路150号,lng:113.88751|lat:22.783445
4403000000022678,鹏湾,0755-25557189,海山街道,盐田区深盐路马庙街9号,lng:114.23685|lat:22.554435
4403000000022679,圳美,0755-81767305,新湖街道,光明区新湖街道圳美社区公常路234号,lng:113.932668|lat:22.782338
4403000000022680,盐田,0755-82633813,盐田街道,盐田区盐田安置区1号201（盐田社区综合服务楼或渔民新村篮球场旁）,lng:114.238359|lat:22.55419
4403000000022681,塘家,0755-29905006,凤凰街道,光明区凤凰街道塘家社区同业路光谷苑二栋二楼,lng:113.928813|lat:22.734742
4403000000022682,塘尾,0755-27176633,凤凰街道,光明区凤凰街道塘尾社区高墩北路198号,lng:113.904597|lat:22.750046
4403000000022683,东坑,0755-27170007,凤凰街道,光明区凤凰街道东坑社区东隆路1号,lng:113.917545|lat:22.752286
4403000000022684,甲子塘,0755-27173817,凤凰街道,光明区凤凰街道甲子塘社区康茂路9号,lng:113.917709|lat:22.73191
4403000000022685,小梅沙,0755-25036099,梅沙街道,盐田区小梅沙村68号小梅沙社区综合楼,lng:114.325258|lat:22.602498
4403000000022686,田寮,0755-27191939,玉塘街道,光明区玉塘街道田寮社区文明路88号,lng:113.900383|lat:22.728561
4403000000022687,长圳,0755-27181823,玉塘街道,光明区玉塘街道长圳社区长祥路3号,lng:113.919169|lat:22.718013
4403000000022688,玉律,0755-27171292,玉塘街道,光明区玉塘街道玉律社区玉泉西路169号,lng:113.897385|lat:22.717439
4403000000022689,红星,0755-23193561,玉塘街道,光明区玉塘街道红星社区星湖路41号,lng:113.906519|lat:22.706856
4403000000022690,薯田埔,0755-27129702,马田街道,光明区马田街道薯田埔社区西环大道355号,lng:113.874598|lat:22.781426
4403000000022691,洪浪,0755-27590149/29235383,新安街道,宝安区20区洪浪南路3号,lng:113.915937|lat:22.568331
4403000000022692,宝民,0755-27804552,新安街道,宝安区新安街道24区宝民花园20栋党群服务中心,lng:113.894016|lat:22.563346
4403000000022693,根竹园,0755-23427931,马田街道,光明区马田街道根竹园花园二楼,lng:113.87509|lat:22.772459
4403000000022694,将围,0755-23245125,马田街道,光明区马田街道将围社区将石路37号将军围广场旁,lng:113.903336|lat:22.75479
4403000000022695,新庄,0755-21380867,马田街道,光明区马田街道新庄社区大围延昌路57号,lng:113.909893|lat:22.760625
4403000000022696,石家,0755-29093298,马田街道,光明区马田街道石家社区上石家安佳工业园1栋,lng:113.893603|lat:22.762911
4403000000022697,石围,0755-21023927,马田街道,光明区马田街道石围社区水库路51号,lng:114.24642|lat:22.663131
4403000000022698,新安湖,0755-27759876,新安街道,宝安区新安街道8区新圳东路29号新安湖花园内新安湖社区党群服务中心,lng:113.907314|lat:22.56339
4403000000022699,南昌,0755-27489198,西乡街道,宝安区西乡街道宝源路伟业创新一八工业园,lng:113.835219|lat:22.598665
4403000000022700,共乐,0755-27902552,西乡街道,宝安区西乡街道新湾路116号共乐华庭1楼共乐社区党群服务中心,lng:113.858603|lat:22.57996
4403000000022701,河东,0755-27927370,西乡街道,宝安区西乡街道建安二路河东骏丰园副楼,lng:113.885246|lat:22.583858
4403000000022702,渔业,0755-29700609,西乡街道,宝安区西乡街道办渔业新村1号,lng:113.869307|lat:22.565863
4403000000022703,龙腾,0755-27903246,西乡街道,宝安区西乡街道西乡银田西发工业区B区五栋一楼A单元、二楼A单元龙腾社区居民委员会,lng:113.862857|lat:22.583742
4403000000022704,福中福,0755-27924175,西乡街道,宝安区西乡街道悦和路富通城四期9栋一楼（福中福社区党群服务中心）,lng:113.853538|lat:22.567561
4403000000022705,永丰,0755-27906133,西乡街道,宝安区西乡街道新湖路与劳动路交汇处北侧永丰综合楼11楼,lng:113.868773|lat:22.57187
4403000000022706,黄麻布,0755-27485508,航城街道,宝安区航城街道黄麻布路34号,lng:113.867143|lat:22.664184
4403000000022707,草围,0755-29916235,航城街道,宝安区航城街道草围社区二路28号,lng:113.841583|lat:22.62412
4403000000022708,兴围,0755-27777655,福永街道,宝安区福永街道兴围路东8号,lng:113.832368|lat:22.637381
4403000000022709,白石厦,0755-27391214,福永街道,宝安区福永街道福洲大道白石厦居委大楼,lng:113.810611|lat:22.675032
4403000000022710,蚝三,0755-27727115,沙井街道,宝安区沙井街道西环路沙一康城花园首层,lng:113.802639|lat:22.74007
4403000000022711,蚝四,0755-23062825,沙井街道,宝安区沙井街道帝堂路四村公园大楼,lng:113.830294|lat:22.735361
4403000000022712,民主,0755-27259112/27259113,沙井街道,宝安区沙井街道民主大道蚝三民主丰泽园一楼商铺133-145号,lng:113.78369|lat:22.734736
4403000000022713,步涌,0755-23237838,沙井街道,宝安区沙井街道新和大道189号,lng:113.806617|lat:22.758701
4403000000022714,上星,0755—27279289,新桥街道,宝安区新桥街道河滨南路24号上星大厦,lng:113.834805|lat:22.726916
4403000000022715,西涌,0755-84421165,南澳街道,大鹏新区南澳街道西涌鹤薮二区190号,lng:114.537861|lat:22.486212
4403000000022716,东涌,0755-84420061,南澳街道,大鹏新区南澳街道东涌社区大围126号,lng:114.584523|lat:22.500623
4403000000022717,东山,0755-84422459,南澳街道,大鹏新区南澳街道东山社区大碓路58号,lng:114.540863|lat:22.55665
4403000000022718,东渔,0755-84422452,南澳街道,大鹏新区南澳街道东渔街1号,lng:114.491198|lat:22.534093
4403000000022719,南渔,0755-84404223,南澳街道,大鹏新区南澳街道人民路2号6楼,lng:114.04793|lat:22.702435
4403000000022720,南澳,0755-84401426,南澳街道,大鹏新区南澳街道人民路2号（文体中心）三楼309室,lng:114.04793|lat:22.702435
4403000000022721,新大,0755-84425457,南澳街道,大鹏新区南澳街道南澳办事处新大路55号,lng:114.516461|lat:22.536199
4403000000022722,南隆,0755-84401154,南澳街道,大鹏新区南澳街道人民路39号,lng:114.497204|lat:22.535089
4403000000022723,园东,0755-22204314,园岭街道,福田区园岭五街园东花园3栋裙楼2楼西,lng:114.100723|lat:22.552778
4403000000022724,红荔,0755-22204111,园岭街道,福田区园岭六街中心花园商业楼二楼东,lng:114.09975|lat:22.554427
4403000000022725,长城,0755-83619384,园岭街道,福田区百花七路长怡花园C座首层,lng:114.088352|lat:22.550642
4403000000022726,南天,0755-83270160,园岭街道,福田区百花一路百花园二期芙蓉阁裙楼商铺B108,lng:114.095159|lat:22.551715
4403000000022727,上林,0755-25915881,园岭街道,福田区八卦三路荣生大厦7楼708,lng:114.100903|lat:22.562334
4403000000022728,鹏盛,0755-25982983,园岭街道,福田区八卦一路鹏盛年华A栋二楼,lng:114.100661|lat:22.557067
4403000000022729,华林,0755-25849315,园岭街道,福田区八卦一路鹏益花园2栋201,lng:114.095165|lat:22.559614
4403000000022730,巴登,0755-25943749,南园街道,福田区巴登街巴登村154号工贸楼4楼,lng:114.102378|lat:22.539162
4403000000022731,滨江,0755-82271087,南园街道,福田区东园路滨河新村26栋102、103,lng:114.101682|lat:22.537056
4403000000022732,南园,0755-83626493,南园街道,福田区统建楼2栋18D,lng:114.093164|lat:22.540237
4403000000022733,沙埔头,0755-83292525,南园街道,福田区沙埔头东村口90号,lng:114.092578|lat:22.537835
4403000000022734,锦龙,0755-83271023,南园街道,福田区华发南路锦龙花园二栋二楼西北角,lng:114.091617|lat:22.536466
4403000000022735,园西,0755-83636464,南园街道,福田区华发南路35号中电怡静苑三楼,lng:114.088999|lat:22.539629
4403000000022736,南华,0755-83634220,南园街道,福田区南华村70栋1楼东南侧,lng:114.087334|lat:22.53373
4403000000022737,赤尾,0755-83611347,南园街道,福田区华强南路御景华城5栋裙楼3楼,lng:114.08614|lat:22.53325
4403000000022738,滨河,0755-83958197,南园街道,福田区滨河大道3161号怡兴苑1栋2楼,lng:114.082818|lat:22.52904
4403000000022739,东园,0755-25847353,南园街道,福田区巴丁街43号东园新村8栋107,lng:114.101871|lat:22.539604
4403000000022740,玉田,0755-83630943,南园街道,福田区上步南路锦锋大厦首层,lng:114.095539|lat:22.536739
4403000000022741,岗厦,0755-82953340,福田街道,福田区岗厦统建楼4栋101,lng:114.071556|lat:22.537704
4403000000022742,皇岗,0755-83826905,福田街道,福田区皇岗社区市场北座207,lng:114.062213|lat:22.526537
4403000000022743,口岸,0755-82875663,福田街道,福田区福田南路7号深港一号21栋一楼,lng:114.075004|lat:22.524376
4403000000022744,福田,0755-83600368,福田街道,福田区福星路29号环庆大厦九楼,lng:114.081643|lat:22.5331
4403000000022745,福山,0755-83020439,福田街道,福田区海田路港丽豪园三栋西侧首层,lng:114.06591|lat:22.52957
4403000000022746,渔农,0755-82775230,福田街道,福田区金地名津商业广场二楼109,lng:114.07385|lat:22.51635
4403000000022747,福民,0755-83552691,福田街道,福田区福民新村福星大厦首层,lng:114.054464|lat:22.503473
4403000000022748,水围,0755-83801645,福田街道,福田区水围村198号水围新家园B栋2楼,lng:114.063451|lat:22.521473
4403000000022749,海滨,0755-83831743,福田街道,福田区金田路2006号,lng:114.06494|lat:22.524654
4403000000022750,圩镇,0755-82869063,福田街道,福田南路22号福滨苑B栋三楼圩镇社区工作站,lng:114.078639|lat:22.531583
4403000000022751,福安,0755-82030130,福田街道,福田区福华四路99号发展兴苑一栋一楼,lng:114.050504|lat:22.530475
4403000000022752,福华,0755-83740422,福田街道,福田区福华路19号上武综合楼一楼,lng:114.083872|lat:22.536833
4403000000022753,福南,0755-83983596,福田街道,福田区福华路110号广业大厦东408,lng:114.081627|lat:22.537851
4403000000022754,上沙,0755-83200558,沙头街道,福田区上沙社区服务中心2楼,lng:114.031173|lat:22.523654
4403000000022755,下沙,0755-82780028,沙头街道,福田区下沙村八坊118号,lng:114.028304|lat:22.52532
4403000000022757,沙尾,0755-83866928,沙头街道,福田区福强路沙尾股份公司一、二楼,lng:114.041939|lat:22.519768
4403000000022758,新洲,0755-83303141,沙头街道,福田区新洲中心村68号3楼,lng:114.046881|lat:22.523311
4403000000022759,新沙,0755-83401381,沙头街道,福田区新沙路忆新街6号二楼,lng:114.04569|lat:22.530051
4403000000022760,天安,0755-83303417,沙头街道,福田区天安数码城顺泰公寓一楼,lng:114.03314|lat:22.528698
4403000000022761,新华,0755-83584818,沙头街道,福田区锦洲花园3栋首层,lng:114.04437|lat:22.525456
4403000000022762,金地,0755-83897025,沙头街道,福田区福强路金地名轩二楼,lng:114.039698|lat:22.521541
4403000000022763,金城,0755-26768234,沙头街道,福田区侨城东路金海燕花园4栋1楼,lng:113.997395|lat:22.530305
4403000000022764,翠湾,0755-83471509,沙头街道,福田区新洲南路翠堤湾花园26栋首层,lng:114.04066|lat:22.515053
4403000000022765,金碧,0755-33390785,沙头街道,福田区福荣路68号万科金域蓝湾A33,lng:114.025273|lat:22.523232
4403000000022766,新兴,0755-83128189,梅林街道,福田区梅林路上梅林文体公园二楼T5－4,lng:114.048201|lat:22.567322
4403000000022767,下梅,0755-83189366,梅林街道,福田区下梅林锦林新居11栋3单元首层,lng:114.040916|lat:22.561844
4403000000022768,梅京,0755-83512425,梅林街道,福田区下梅林二街颂德国际临街商铺二楼,lng:114.034481|lat:22.562155
4403000000022769,孖岭,0755-83311913,梅林街道,福田区彩田北路7001号艺丰花园A区12栋2楼,lng:114.066229|lat:22.569901
4403000000022770,上梅,0755-83310014,梅林街道,福田区上梅林福新阁F单元2楼,lng:114.056427|lat:22.566454
4403000000022771,新阁,0755-83317183,梅林街道,福田区林园东路10号特皓苑小区4栋南面1楼,lng:114.074518|lat:22.569725
4403000000022772,梅林一村,0755-83534742,梅林街道,福田区梅丽路梅林一村居民活动中心一楼,lng:114.07161|lat:22.552771
4403000000022773,龙尾,0755-83147613,梅林街道,福田区龙尾路2号福兴花园C-109,lng:114.044546|lat:22.568921
4403000000022756,沙嘴,0755-83304077,沙头街道,福田区沙嘴村四坊84号3楼,lng:114.036824|lat:22.518262
4403000000022776,梅都,0755-83123052,梅林街道,福田区上梅林中康北路颐林雅院4栋2单元1E,lng:114.058716|lat:22.572452
4403000000022777,梅河,0755-83111067,梅林街道,福田区下梅林金梅花园2栋5单元111,lng:114.043023|lat:22.565563
4403000000022778,翰岭,0755-88395371,梅林街道,福田区梅东2路2号半山御景2栋2楼,lng:114.070858|lat:22.572358
4403000000022779,梅岗,0755-83276904,华富街道,福田区泥岗西路2012号网羽中心主馆一楼,lng:114.087684|lat:22.558944
4403000000022780,华山,0755-83269471,华富街道,福田区梅岗路1号华富村北区86栋3楼华山工作站,lng:114.083467|lat:22.556534
4403000000022781,新田,0755-83267270,华富街道,福田区福中路11号皇家翠苑1楼,lng:114.071579|lat:22.54446
4403000000022782,田面,0755-83996423,华富街道,福田区田面股份公司大楼3楼,lng:114.07625|lat:22.54275
4403000000022783,黄木岗,0755-83347696,华富街道,福田区园心苑5栋地下负一层,lng:114.074272|lat:22.548803
4403000000022784,莲花一村,0755-83276894,华富街道,福田区笋岗西路4001号莲花一村11栋101,lng:114.070667|lat:22.55391
4403000000022785,莲花二村,0755-83293882,华富街道,福田区红荔路5008号莲花二村37栋104,lng:114.069386|lat:22.54992
4403000000022786,莲花三村,0755-83258871,华富街道,福田区红荔西路5001号莲花三村长福花园3栋104房,lng:114.071081|lat:22.547145
4403000000022787,沙浦围,0755-27718260,松岗街道,宝安区沙浦围社区商住区27号沙浦围社区党群服务中心一楼,lng:113.825393|lat:22.774496
4403000000022788,沙浦,0755-23503455,松岗街道,宝安区沙浦社区沙浦二路18号沙浦社区居委大楼一楼,lng:113.830449|lat:22.775204
4403000000022789,溪头,0755-82598517/27718403,松岗街道,宝安区松岗街道溪头社区宝溪三路1号党群服务中心大楼,lng:113.833615|lat:22.773775
4403000000022790,岗头,0755-89356898,坂田街道,龙岗区坂田街道岗头社区坂雪岗大道4005号马蹄山综合楼B栋1、3楼,lng:114.066371|lat:22.651294
4403000000022791,南岭村,0755-89962383,南湾街道,龙岗区南湾街道南岭村社区南岭南路35号,lng:114.151181|lat:22.611883
4403000000022792,沙塘布,0755-28751350,南湾街道,龙岗区南湾街道沙塘布社区居委会办公大楼,lng:114.138146|lat:22.62937
4403000000022793,上李朗,0755-89701433,南湾街道,龙岗区布澜路188号,lng:114.117731|lat:22.654463
4403000000022794,下李朗,0755-28725215,南湾街道,龙岗区南湾街道下李朗社区下李北路1号,lng:114.135292|lat:22.638665
4403000000022795,福中,0755-82942604,莲花街道,福田区福中一路深业花园C栋一楼,lng:114.06602|lat:22.546118
4403000000022796,福新,0755-82987161,莲花街道,福田区黄埔雅苑逸悠园3栋1楼,lng:114.050823|lat:22.543305
4403000000022797,彩虹,0755-83131083,莲花街道,福田区莲花支路长城盛世一期2楼,lng:114.066375|lat:22.560416
4403000000022798,莲花北,0755-83926768,莲花街道,福田区莲花北村富莲大厦3栋2层,lng:114.053641|lat:22.561052
4403000000022799,景田,0755-83927214,莲花街道,福田区新洲北路景田南小区21栋102室,lng:114.045824|lat:22.555195
4403000000022800,景华,0755-83905672,莲花街道,福田区景田东路安通花园4-105,lng:114.047512|lat:22.552822
4403000000022801,紫荆,0755-82713112,莲花街道,福田区新闻路五洲星苑C栋2楼,lng:114.045303|lat:22.542392
4403000000022802,梅岭,0755-82916638,莲花街道,福田区香梅路1018号东方玫瑰园1栋2楼,lng:114.042216|lat:22.540407
4403000000022803,狮岭,0755-83924975,莲花街道,福田区红荔西路市政大院24栋一楼,lng:114.042562|lat:22.547655
4403000000022804,康欣,0755-83538622,莲花街道,福田区北环路7043号青海大厦一楼A、C室,lng:114.033069|lat:22.557784
4403000000022805,梅富,0755-83062327,莲花街道,福田区景田东路99号,lng:114.042435|lat:22.55826
4403000000022806,彩田,0755-83072882,莲花街道,福田区彩田村综合楼,lng:114.062307|lat:22.560773
4403000000022807,通新岭,0755-82103552,华强北街道,福田区同德路8号设计院一楼,lng:114.098185|lat:22.547
4403000000022808,福强,0755-83223220,华强北街道,福田区燕南路106号福强社区工作站,lng:114.093101|lat:22.547496
4403000000022809,荔村,0755-83350152,华强北街道,福田区振兴路红荔村11栋首层,lng:114.090185|lat:22.547406
4403000000022810,华红,0755-83253153,华强北街道,福田区华强北路4005号海馨苑综合楼2楼,lng:114.085796|lat:22.553091
4403000000022811,松岗,0755-27717334,松岗街道,宝安区山门路44号松岗社区工作站,lng:113.846469|lat:22.771951
4403000000022812,福保,0755-83854614,福保街道,福田区福强路益田豪园居4栋4楼,lng:114.05804|lat:22.51485
4403000000022813,石厦,0755-83831081,福保街道,福田区石厦东村321号11楼,lng:114.052414|lat:22.520937
4403000000022814,益田,0755-83813405,福保街道,福田区益田村益强居2栋2楼,lng:114.054957|lat:22.513373
4403000000022815,明月,0755-83828259,福保街道,福田区石厦北三街华荣净菜市场三楼,lng:114.054575|lat:22.525204
4403000000022816,新港,0755-83451699,福保街道,福田区益田五路福田花园大厦一楼101号,lng:114.047764|lat:22.516918
4403000000022817,宝岭,0755-89708024,南湾街道,龙岗区南湾街道桂芳园凌波居D座负二楼,lng:114.14161|lat:22.60974
4403000000022818,罗湖,0755-82320790,南湖街道,罗湖区人民南路罗湖村93号5楼,lng:114.120433|lat:22.535278
4403000000022819,和平,0755-82112950,南湖街道,罗湖区和平路1195号中怡大厦三楼,lng:114.114599|lat:22.538505
4403000000022820,康乐,0755-84736471,南湾街道,龙岗区南湾街道康桥紫郡花园32栋S单元2楼,lng:114.14144|lat:22.62805
4403000000022821,嘉北,0755-22276602,南湖街道,罗湖区东门南路3011号东海大厦四楼,lng:114.121571|lat:22.541834
4403000000022822,丹平,0755-28212002,南湾街道,龙岗区南湾街道闽鹏程物流园1栋,lng:114.157443|lat:22.624543
4403000000022823,保安,0755-28709540,园山街道,龙岗区园山街道保安社区联合路6号,lng:114.214816|lat:22.655616
4403000000022824,文锦,0755-82141344,南湖街道,罗湖区新安路森威大厦雍景园四楼,lng:114.130509|lat:22.542904
4403000000022825,新南,0755-82227855,南湖街道,罗湖区南极路南华大厦主楼15号,lng:114.12717|lat:22.543386
4403000000022826,松园,0755-25574439,桂园街道,罗湖区红桂路2088号3栋101,lng:114.106364|lat:22.550412
4403000000022827,大塘龙,0755-25571272,桂园街道,罗湖区桂园北路160号12栋101,lng:114.113073|lat:22.553741
4403000000022828,四联,0755-28690410,横岗街道,龙岗区横岗街道四联社区兴旺路二巷18号,lng:114.19888|lat:22.6561
4403000000022829,红村,0755-25890036,桂园街道,罗湖区解放路广场北街15号,lng:114.109189|lat:22.544852
4403000000022830,新围,0755-82245721,桂园街道,罗湖区红岭南路滨苑小区3栋104,lng:114.107478|lat:22.536842
4403000000022831,老围,0755-25580177,桂园街道,罗湖区红宝路京基100D栋金龙大厦5楼,lng:114.107007|lat:22.545185
4403000000022832,华侨新村,0755-28682805,横岗街道,龙岗区横岗街道茂盛路华侨新村社区工作站一楼,lng:114.205443|lat:22.650875
4403000000022833,人民桥,0755-82111223,桂园街道,罗湖区宝安南路1050号嘉宾花园C座3楼,lng:114.112602|lat:22.540004
4403000000022834,东门,0755-82301837,东门街道,罗湖区解放路2003号金世界商城6楼,lng:114.117575|lat:22.545025
4403000000022835,螺岭,0755-82229386,东门街道,罗湖区东升街111号2楼,lng:114.125189|lat:22.552659
4403000000022836,立新,0755-82209759,东门街道,罗湖区立新路立新花园13栋G层,lng:114.120025|lat:22.548595
4403000000022837,湖容,0755-82225776,东门街道,罗湖区中兴路239号外贸集团大厦6楼,lng:114.123509|lat:22.548512
4403000000022838,城东,0755-82239278,东门街道,罗湖区中兴路239号外贸集团大厦6楼,lng:114.123509|lat:22.548512
4403000000022839,花场,0755-82186647,东门街道,罗湖区笋岗东路同乐大厦同庆阁9楼,lng:114.124891|lat:22.555341
4403000000022840,湖贝,0755-82257763,东门街道,罗湖区文锦中路1043号联兴大厦南座10楼,lng:114.1304|lat:22.548763
4403000000022841,笋岗,0755-25920205,笋岗街道,罗湖区宝岗路笋岗村庐江春天C座1单元2楼,lng:114.115492|lat:22.566064
4403000000022842,田心,0755-82484866,笋岗街道,罗湖区红岭北路3002号深城公寓二楼,lng:114.105462|lat:22.566031
4403000000022843,湖景,0755-25665169,笋岗街道,罗湖区洪湖路碧湖花园二楼,lng:114.120295|lat:22.557904
4403000000022844,田贝,0755-25632763,笋岗街道,罗湖区洪湖二街69号碧水园B栋二楼,lng:114.122119|lat:22.560608
4403000000022845,笋西,0755-25984898,笋岗街道,罗湖区宝岗路嘉宝田花园1-9号,lng:114.111166|lat:22.558018
4403000000022774,梅亭,0755-83190719,梅林街道,福田区上梅林凯丰花园凯丰综合楼319C,lng:114.064544|lat:22.567406
4403000000022775,梅丰,0755-83318642,梅林街道,福田区上梅林华茂苑6栋103,lng:114.057541|lat:22.563889
4403000000022846,北站,0755-82481148,笋岗街道,罗湖区北站路3号华商时代公寓三楼,lng:114.116289|lat:22.558032
4403000000023206,安良,0755-28616169,园山街道,龙岗区园山街道安良社区安良路193号,lng:114.219194|lat:22.630332
4403000000023207,大康,0755-84264761,园山街道,龙岗区园山街道大康社区山子吓路308号,lng:114.239733|lat:22.645177
4403000000023208,水头,0755-84314969,大鹏办事处,大鹏新区大鹏办事处水头社区石角头街3-8号,lng:114.494362|lat:22.565304
4403000000023209,荷坳,0755-28211070,园山街道,龙岗区园山街道荷坳社区荷坳路2号三楼,lng:114.226137|lat:22.677463
4403000000023210,松柏,0755-28862302,横岗街道,龙岗区横岗街道富康路230号,lng:114.211191|lat:22.644431
4403000000023211,下沙,0755-89300233,大鹏办事处,大鹏新区大鹏办事处中山路69号下沙社区综合办公楼,lng:114.480661|lat:22.59667
4403000000023212,银荷,0755-28708567,园山街道,龙岗区园山街道龙岗大道7052号水晶之城3楼,lng:114.225134|lat:22.669706
4403000000023213,华乐,0755-28656777,横岗街道,龙岗区横岗街道红棉一路与横岗一号路交界城市中心花园C区2楼,lng:114.193489|lat:22.64625
4403000000023214,志盛,0755-28636122,横岗街道,龙岗区横岗街道隆盛花园S1商铺盛大百货二楼,lng:114.203337|lat:22.650969
4403000000023215,怡锦,0755-28688335,横岗街道,龙岗区横岗街道信义锦绣花园3号楼1单元,lng:114.18915|lat:22.645756
4403000000023216,红棉,0755-89964128,横岗街道,龙岗区横岗街道中海大山地梧桐路8号,lng:114.179364|lat:22.642965
4403000000022847,木头龙,0755-22741948,翠竹街道,罗湖区爱国路1001号俊园酒店二楼,lng:114.130945|lat:22.551428
4403000000022848,翠竹,0755-25635220,翠竹街道,罗湖区东门北路2063号翠沁阁2楼,lng:114.132908|lat:22.558373
4403000000022849,龙西,0755-28436398,龙岗街道,龙岗区龙岗街道龙西社区学园路1号A栋,lng:114.248876|lat:22.746767
4403000000022850,翠宁,0755-25612363,翠竹街道,罗湖区爱国路3049号330酒店首层,lng:114.141891|lat:22.565936
4403000000022851,愉天,0755-25787912—602,翠竹街道,罗湖区文锦北路1074号—楼,lng:114.123904|lat:22.56343
4403000000022852,五联,0755-84839918,龙岗街道,龙岗区龙岗街道五联社区齐心路27号,lng:114.237283|lat:22.749752
4403000000023205,西坑,0755-28619822,园山街道,龙岗区园山街道西坑教育路27号,lng:114.494904|lat:22.534991
4403000000022853,翠达,0755-25683862,翠竹街道,罗湖区翠竹路2058号旭飞华达园九州阁409,lng:114.129948|lat:22.571159
4403000000022854,翠岭,0755-25919791,翠竹街道,罗湖区翠竹路1056号逸翠园逸厦轩首层,lng:114.130047|lat:22.561124
4403000000022855,龙岗,0755-84825929,龙岗街道,龙岗街道龙岗社区杨田路1-1、1-2号,lng:114.272709|lat:22.73686
4403000000022856,水贝,0755-25611646,翠竹街道,罗湖区水贝一路水贝市场190号附楼A3楼,lng:114.123984|lat:22.567121
4403000000022857,新村,0755-25995992,翠竹街道,罗湖区水库新村230号综合楼五楼,lng:114.138939|lat:22.564264
4403000000022858,翠鹏,0755-25431367,东湖街道,罗湖区东湖路90号彩世界家园5栋一楼架空层,lng:114.142507|lat:22.578664
4403000000022859,翠湖,0755-25510479,东湖街道,罗湖区东乐路2020号布心花园一区七楼旁翠湖社区服务楼2楼,lng:114.138445|lat:22.574752
4403000000022860,东乐,0755-25007572,东湖街道,罗湖区布心路1023号东乐花园海燕宿舍楼一楼,lng:114.139509|lat:22.571002
4403000000022861,大望,0755-25711251,东湖街道,罗湖区大望村新平大道1号大望股份公司服务楼2楼,lng:114.175196|lat:22.600598
4403000000022862,梧桐山,0755-25664920,东湖街道,罗湖区梧桐山望桐路赤水洞8号4楼,lng:114.192899|lat:22.591094
4403000000022863,布心,0755-25778702,东湖街道,罗湖区东晓路布心村203-4-1号一楼,lng:114.138545|lat:22.578777
4403000000022864,金鹏,0755-25812760,东湖街道,罗湖区金稻田路1080号金鹏社区服务楼,lng:114.131673|lat:22.585697
4403000000022865,金岭,0755-25652591,东湖街道,罗湖区金洲路218号金洲花园12栋3楼,lng:114.13349|lat:22.588532
4403000000022866,金湖,0755-25033515,东湖街道,罗湖区翠荫路326号淘金山湖景花园1栋首层,lng:114.143183|lat:22.584832
4403000000022867,坳下,0755-25708600,莲塘街道,罗湖区坳下村138号8楼,lng:114.169317|lat:22.566416
4403000000022868,长岭,0755-25736147,莲塘街道,罗湖区长岭惠名花园7栋2层,lng:114.183491|lat:22.556067
4403000000022869,莲花,0755-25735980,莲塘街道,罗湖区港莲路22号城市东座二楼,lng:114.169814|lat:22.559294
4403000000022870,莲塘,0755-25734044,莲塘街道,罗湖区莲塘路80号,lng:114.174071|lat:22.561203
4403000000022871,畔山,0755-25781376,莲塘街道,罗湖区莲塘聚宝花园银星阁首层,lng:114.175437|lat:22.560594
4403000000022872,鹏兴,0755-25172629,莲塘街道,罗湖区国威路鹏兴花园一期综合楼,lng:114.164869|lat:22.564062
4403000000022873,西岭,0755-25738373,莲塘街道,罗湖区西岭下村北区2号,lng:114.160467|lat:22.557541
4403000000022874,仙湖,0755-25775200,莲塘街道,罗湖区莲塘国威路仙桐御景雅景轩,lng:114.178452|lat:22.564848
4403000000022875,独树,0755-25689101,东晓街道,罗湖区太白路松泉山庄4-6栋2楼,lng:114.126|lat:22.57716
4403000000022876,草埔东,0755-25687457,东晓街道,罗湖区金稻田路紫荆花园A栋4楼,lng:114.117505|lat:22.58673
4403000000022877,观城,0755-21501452,观湖街道,龙华区观湖街道观城社区环观中路58号,lng:114.058414|lat:22.703426
4403000000022878,兰花,0755-82677417,东晓街道,罗湖区布吉路1019号布吉农批市场K028号,lng:114.118159|lat:22.579603
4403000000022879,东晓,0755-22257129,东晓街道,罗湖区东晓北路泰和花园一栋首层,lng:114.137785|lat:22.582685
4403000000022880,松泉,0755-25515765,东晓街道,罗湖区太白路松泉公寓7栋2楼,lng:114.129065|lat:22.577772
4403000000022881,绿景,0755-25792055,东晓街道,罗湖区翠云路（中设广场侧）,lng:114.121106|lat:22.580835
4403000000022882,木棉岭,0755-25481502,东晓街道,罗湖区东晓街道草埔东紫荆花园A座2楼,lng:114.117505|lat:22.58673
4403000000022883,梅园,0755-82054342,清水河街道,罗湖区红岗路1003号红岗大厦1、2层,lng:114.10364|lat:22.569206
4403000000022884,鹭湖,0755-21044093,观湖街道,龙华区观湖街道环观南路招商观园南门一楼,lng:114.060687|lat:22.691079
4403000000022885,坭岗,0755-82427204,清水河街道,罗湖区清水河街道坭岗西村2号1楼,lng:114.100007|lat:22.566321
4403000000022886,清水河,0755-25902412,清水河街道,罗湖区清水河街道泥岗东路红岗花园15栋首层,lng:114.108842|lat:22.571652
4403000000022887,草埔西,0755-22235172,清水河街道,罗湖区清水河街道红岗路1168号金祥都市花园悦园首层,lng:114.110033|lat:22.585768
4403000000022888,玉龙,0755-82267291,清水河街道,罗湖区清水河街道金湖路18号武警宿舍大院车库楼二层,lng:114.099576|lat:22.570312
4403000000022889,龙湖,0755-25835282,清水河街道,罗湖区清水河街道红岗路1299号龙园山庄龙园大厦2楼,lng:114.110939|lat:22.587935
4403000000022890,水库,0755-25401140,黄贝街道,罗湖区沿河路2012号宁水花园29栋旁,lng:114.146258|lat:22.559909
4403000000022891,碧波,0755-25411646,黄贝街道,罗湖区黄贝路碧波一街碧中园碧天阁2楼,lng:114.141782|lat:22.561696
4403000000022892,怡景,0755-25410072,黄贝街道,罗湖区怡景路1053号峰景台大厦2楼,lng:114.140223|lat:22.554864
4403000000022893,新谊,0755-25669392,黄贝街道,罗湖区华丽路1041号华丽花园裙楼三楼,lng:114.134042|lat:22.550327
4403000000022894,凤凰,0755-25691343,黄贝街道,罗湖区凤凰路193号海珑华苑海天阁6楼,lng:114.132575|lat:22.547037
4403000000022895,文华,0755-25108470,黄贝街道,罗湖区深南东路1013号深发花园1栋201,lng:114.138357|lat:22.545824
4403000000022896,新秀,0755-25125448,黄贝街道,罗湖区新秀路89号新秀小学旁附1楼,lng:114.144116|lat:22.546585
4403000000022897,新兴,0755-22306219,黄贝街道,罗湖区罗芳南路36号城市东方公寓2楼,lng:114.146365|lat:22.544212
4403000000022898,罗芳,0755-25136629,黄贝街道,罗湖区延芳路498号安业馨园D栋1楼,lng:114.153491|lat:22.542401
4403000000022899,黄贝岭,0755-21520601,黄贝街道,罗湖区深南东路1002号深业东岭4栋1楼,lng:114.140283|lat:22.549224
4403000000022900,安乐,0755-26976822,南头街道,南山区南头关口二路安乐工业区25栋1楼,lng:113.906888|lat:22.549602
4403000000022901,大汪山,0755-26563205,南头街道,南山区南山大道2070-1号,lng:113.925589|lat:22.531692
4403000000022902,大新,0755-26464298,南头街道,南山区前海路大新前海商业中心二楼201-202,lng:113.91554|lat:22.533057
4403000000022903,红花园,0755-86050257,南头街道,南山区红花路8号南山豪庭小区北面二楼203号铺,lng:113.917982|lat:22.539325
4403000000022904,莲城,0755-26959699,南头街道,南山区玉泉路莲城花园10栋一楼,lng:113.926985|lat:22.544838
4403000000022905,马家龙,0755-26094730,南头街道,南山区马家龙艺园路168号荔园新村10栋一楼1-3号,lng:113.928647|lat:22.549509
4403000000022906,南联,0755-26976313,南头街道,南山区关口一路南富苑小区11栋107-108,lng:113.914825|lat:22.55299
4403000000022909,田厦,0755-26179980,南头街道,南山区常兴一街8号,lng:113.920263|lat:22.530173
4403000000022910,同乐,0755-86021545,南头街道,南山区建工村建工路28号一楼,lng:113.925454|lat:22.563477
4403000000022911,星海名城,0755-26443282,南头街道,南山区前海路星海名城三期6-7栋1楼,lng:113.914567|lat:22.536573
4403000000022912,润城,0755-28025292,观湖街道,龙华区观湖街道招商澜园6栋一楼,lng:114.046959|lat:22.685395
4403000000022913,松元厦,0755-27993368,观湖街道,龙华区观湖街道松元厦社区德胜路37号,lng:114.070258|lat:22.716299
4403000000022914,新田,0755-27977440,观湖街道,龙华区观湖街道新田社区创新工业园18号,lng:114.08411|lat:22.697829
4403000000022915,荔芳,0755-26660765,南山街道,南山区常兴路9号,lng:113.921067|lat:22.525731
4403000000022916,樟坑径,0755-27976314,观湖街道,龙华区观湖街道樟坑径宝业路22号,lng:114.078808|lat:22.6845
4403000000022917,荔湾,0755-26440212,南山街道,南山区前海路0199恒立心海湾花园5栋74、75号,lng:113.894474|lat:22.501431
4403000000022918,龙塘,0755-29787502,民治街道,龙华区民治街道新区大道洁玉街长城里程家园1楼,lng:114.009194|lat:22.635326
4403000000022919,民乐,0755-28097575,民治街道,龙华区民治街道梅坂大道与民乐立交交叉口民乐社区工作站办公大楼,lng:114.048949|lat:22.600683
4403000000022920,南园,0755-86066128,南山街道,南山区南园新四坊1号,lng:113.917297|lat:22.518469
4403000000022921,向南,0755-26642368,南山街道,南山区桂庙路向南东街10二楼,lng:113.922081|lat:22.523713
4403000000022922,学府,0755-86196182,南山街道,南山区南山大道光彩新天地2楼,lng:113.924147|lat:22.524405
4403000000022923,阳光棕榈,0755-86179611,南山街道,南山区前海路阳光棕榈园32栋3单元一楼,lng:113.910804|lat:22.525753
4403000000022924,民新,0755-29527319,民治街道,龙华区民治街道民丰路55号碧水龙幼儿园庭旁,lng:114.046211|lat:22.614451
4403000000022925,白石洲东,0755-86286380,沙河街道,南山区京基百纳北侧通道一楼,lng:113.968931|lat:22.531239
4403000000022926,白石洲西,0755-26002242,沙河街道,南山区石洲北路10号美庐景园D栋一楼,lng:113.966013|lat:22.535388
4403000000022927,上芬,0755-28039223,民治街道,龙华区民治街道中环路与龙胜路交汇处,lng:114.022734|lat:22.639728
4403000000022928,高发,0755-26920394,沙河街道,南山区沙河街道高发社区深云村综合楼一楼,lng:113.992614|lat:22.554564
4403000000022929,光华街,0755-26601547,沙河街道,南山区华侨城光华街9栋首层,lng:113.990031|lat:22.534939
4403000000022930,华夏街,0755-26915407,沙河街道,南山区沙河街道华夏街社区荔园新村10栋一楼,lng:113.975854|lat:22.540205
4403000000022931,明珠街,0755-26765158,沙河街道,南山区沙河白石洲绿景公寓一楼,lng:113.966697|lat:22.542479
4403000000022932,沙河街,0755-86314303,沙河街道,南山区沙河街34号2楼,lng:113.969349|lat:22.541817
4403000000022933,文昌街,0755-26603443,沙河街道,南山区香山西街18号首地容御1栋C座二楼,lng:113.974509|lat:22.549958
4403000000022934,香山街,0755-26601577,沙河街道,南山区沙河街道香山街社区华侨城华山村5栋1楼,lng:113.986722|lat:22.54242
4403000000022935,新塘,0755-26603244,沙河街道,南山区沙河香山西街新堂花园7栋1楼,lng:113.970789|lat:22.547908
4403000000022936,民治,0755-83723662,民治街道,龙华区民治街道沙吓村内民治社区工作站大楼,lng:114.039097|lat:22.626677
4403000000022937,中新街,0755-26911723,沙河街道,南山区华侨城福清街枕荔楼裙楼205,lng:113.982198|lat:22.537411
4403000000022938,新牛,0755-28186533,民治街道,龙华区民治街道民治大道新澜大厦2、4、5楼,lng:114.036807|lat:22.63202
4403000000022939,民强,0755-81754410,民治街道,龙华区民治街道民治民治大道第一工业区6栋北座,lng:114.039112|lat:22.621096
4403000000022940,大岭,0755-23205166,民治街道,龙华区民治街道布龙路金地上塘道A区7栋负一楼,lng:114.022539|lat:22.63475
4403000000022941,海昌,0755-26891719,蛇口街道,南山区蛇口公园南路南水小区B10一楼,lng:113.923877|lat:22.48725
4403000000022942,海湾,0755-26833221,蛇口街道,南山区蛇口海湾新村1号二楼,lng:113.931022|lat:22.492528
4403000000022943,雷岭,0755-26833420,蛇口街道,南山区蛇口花果路36号米兰公寓三楼,lng:113.927665|lat:22.491062
4403000000022944,内伶仃岛,0755-26688176,蛇口街道,南山区蛇口新街南苑小区2栋1门107室,lng:113.925968|lat:22.488629
4403000000022945,北站,0755-23086136,民治街道,龙华区民治街道民塘路白松三路创业花园240栋3楼,lng:114.027366|lat:22.6162
4403000000022946,樟坑,0755-85261872,民治街道,华区民治街道平安路向南四区24号向南商业大厦一楼,lng:114.03975|lat:22.6165
4403000000022947,围仔,0755-26864808,蛇口街道,南山区蛇口花果路32号米兰第二季公寓2楼,lng:113.928397|lat:22.490313
4403000000022948,白石龙,0755-21011345,民治街道,龙华区民治街道民丰路与望辉路交汇处17蓝牌白石龙一区4栋1-4层,lng:114.03816|lat:22.604041
4403000000022949,渔一,0755-26814470,蛇口街道,南山区蛇口新街26号春树里花园D栋商铺一楼,lng:113.93429|lat:22.4862
4403000000022950,赤湾,0755-26828037,招商街道,南山区蛇口赤湾6路B1栋105室,lng:113.889751|lat:22.479639
4403000000022951,民泰,0755-23777562,民治街道,龙华区民治街道梅龙路星河盛世花园A2栋2单元2层,lng:114.047421|lat:22.601659
4403000000022952,海月,0755-26828573,招商街道,南山区蛇口工业八路半岛花园A区9栋首层,lng:113.932478|lat:22.498903
4403000000022953,花果山,0755-26828697,招商街道,南山区蛇口花果路89号花果山小区36栋102室,lng:113.925904|lat:22.491661
4403000000022954,兰园,0755-26828477,招商街道,南山区蛇口兰园23栋首层,lng:113.927375|lat:22.503423
4403000000022955,景龙,0755-27701220,龙华街道,龙华区龙华街道景龙社区综合服务大楼1-3楼,lng:114.015216|lat:22.647811
4403000000022956,四海,0755-26828242,招商街道,南山区蛇口四海路27号四海小区12栋旁,lng:113.924116|lat:22.501446
4403000000022957,桃花园,0755-26684689,招商街道,南山区工业八路西280号壹栈林下5栋1/2层,lng:113.916908|lat:22.503234
4403000000022958,文竹园,0755-26884939,招商街道,南山区蛇口工业七路雍景湾小区商铺26-2号,lng:113.931382|lat:22.495949
4403000000022959,龙园,0755-28149237,龙华街道,龙华区龙华街道花园新村51栋,lng:114.02024|lat:22.660999
4403000000022960,华联,0755-28130301,龙华街道,龙华区龙华街道大浪南路三联股份合作公司大楼,lng:114.008768|lat:22.678403
4403000000022961,三联,0755-28150328,龙华街道,龙华区龙华街道弓村龙华新城A栋7楼,lng:114.028291|lat:22.65718
4403000000022962,油松,0755-28142970,龙华街道,龙华区龙华街道港深时代2楼,lng:114.051228|lat:22.636454
4403000000022963,松和,0755-81482221,龙华街道,龙华区龙华街道民清路50号油松股份公司办公大楼二楼,lng:114.039637|lat:22.643877
4403000000022964,清湖,0755-28122689,龙华街道,龙华区龙华街道清湖新村综合服务楼5楼,lng:114.049467|lat:22.66892
4403000000022965,海珠,0755-26480551,粤海街道,南山区海德一道海岸明珠B座一楼,lng:113.931463|lat:22.516436
4403000000022966,后海,0755-26426853,粤海街道,南山区后海华明路第一统建楼D座2楼,lng:113.931448|lat:22.507559
4403000000022967,京光,0755-26054215,粤海街道,南山区兴南路50号京光海景大厦C座1楼,lng:113.930787|lat:22.505816
4403000000022968,科技园,0755-26546396,粤海街道,南山区科丰路特发信息港A座南一楼,lng:113.950241|lat:22.549959
4403000000022969,龙城,0755-26051486,粤海街道,南山区南油龙城花园6栋103,lng:113.928319|lat:22.511031
4403000000022970,麻岭,0755-26713424,粤海街道,南山区帝景花园帝翠阁B座一楼,lng:113.937391|lat:22.541196
4403000000022971,名海,0755-26071141,粤海街道,南山区后海路文德福花园1栋1层,lng:113.932339|lat:22.50554
4403000000022972,南油,0755-86339081,粤海街道,南山区信和自由广场狮子座2楼,lng:113.925412|lat:22.50707
4403000000022973,清华,0755-28122665,龙华街道,龙华区龙华街道梅龙路98号国鸿工业区8栋二楼,lng:114.0425|lat:22.668051
4403000000022974,铜鼓,0755-26992098,粤海街道,南山区沙河西路莱英花园11栋一楼,lng:113.956283|lat:22.547323
4403000000022975,蔚蓝海岸,0755-86129633,粤海街道,南山区后海大道蔚蓝海岸二期26栋一楼,lng:113.93665|lat:22.50971
4403000000022907,南头城,0755-86133988,南头街道,南山区南头城中山东街80号一楼,lng:113.920953|lat:22.543952
4403000000022908,前海,0755-86129189,南头街道,南山区桃园西路前海花园三期47栋首层,lng:113.911343|lat:22.53259
4403000000022976,玉翠,0755-21048863,龙华街道,龙华区龙华街道玉翠新村C区1住2-3栋1-3层,lng:114.027183|lat:22.674329
4403000000022977,富康,0755-21058049,龙华街道,龙华区龙华街道东环一路与民欢路交汇处正地美术馆,lng:114.047311|lat:22.642518
4403000000022978,大浪,0755-21013844,大浪街道,龙华区大浪街道下岭排社区新岭路46号,lng:114.000658|lat:22.694088
4403000000022979,浪口,0755-29537508,大浪街道,龙华区大浪街道华兴路富隆特工业区1栋首层,lng:114.000036|lat:22.6805
4403000000022980,同胜,0755-28032128,大浪街道,龙华区大浪街道华繁路同胜股份公司办公大楼1-2楼,lng:113.990318|lat:22.682198
4403000000022981,高峰,0755-28136230,大浪街道,龙华区大浪街道龙观西路高峰大厦,lng:114.007435|lat:22.657653
4403000000022982,龙胜,0755-28145183,大浪街道,龙华路龙胜社区党群服务中心（龙胜社区警务室旁）,lng:114.009087|lat:22.650004
4403000000022983,新石,0755-21016693,大浪街道,龙华区大浪街道大浪北路同富邨工业园89栋,lng:113.996239|lat:22.699231
4403000000022984,龙平,0755-28013800,大浪街道,龙华区大浪街道布龙路与和平西路交汇处和平里二期紫荆阁裙楼,lng:114.011314|lat:22.642546
4403000000022985,大水坑,0755-21004908,福城街道,龙华区福城街道大水坑社区观水南街1号,lng:114.026475|lat:22.724995
4403000000022986,章阁,0755-29425135,福城街道,龙华区福城街道章阁社区志扬广场一楼,lng:114.016821|lat:22.743667
4403000000022987,桔塘,0755-28164280,福城街道,龙华区福城街道大水坑社区观光路与福前路红绿灯交汇处（福前路109号）,lng:114.038033|lat:22.712873
4403000000022988,福民,0755-28027595,福城街道,龙华区福城街道悦兴路186号,lng:114.032398|lat:22.711164
4403000000022989,白芒,0755-26517627,西丽街道,南山区西丽街道白芒社区北55号二楼,lng:113.943908|lat:22.615065
4403000000022990,大磡,0755-26527723,西丽街道,南山区大磡实业大楼4楼,lng:113.974857|lat:22.62093
4403000000022991,丽城,0755-26514160,西丽街道,南山区西丽众冠大厦809,lng:113.955266|lat:22.578035
4403000000022992,丽湖,0755-86301351,西丽街道,南山区西丽湖路平丽商业街4188,lng:113.962636|lat:22.593926
4403000000022993,留仙,0755-86164006,西丽街道,南山区西丽留仙居南A区1栋,lng:113.950371|lat:22.581709
4403000000022994,麻磡,0755-26973979,西丽街道,南山区西丽麻磡南路13号,lng:113.952292|lat:22.633581
4403000000022995,曙光,0755-26545623,西丽街道,南山区西丽茶光村冠铭雅苑3栋2楼,lng:113.951977|lat:22.566919
4403000000022996,松坪山,0755-26631923,西丽街道,南山区高新北区单身公寓B35栋一楼,lng:113.948898|lat:22.559719
4403000000022997,西丽,0755-26627637,西丽街道,南山区西丽居委会综合楼2楼,lng:113.953991|lat:22.574689
4403000000022998,新围,0755-26622404,西丽街道,南山区西丽新围村71栋一楼,lng:113.952649|lat:22.582138
4403000000022999,阳光,0755-29810005,西丽街道,南山区西丽百旺工业园25栋一楼,lng:113.937|lat:22.629757
4403000000023000,沙头角,0755-25550657,沙头角街道,盐田区园林路8-3号,lng:114.224253|lat:22.556209
4403000000023001,东和,0755-25358313,沙头角街道,盐田区官下路2号诗宁里16栋,lng:114.233626|lat:22.549915
4403000000023002,桥东,0755-25251440,沙头角街道,盐田区沙头角田荣路15号,lng:114.230657|lat:22.549552
4403000000023003,田心,0755-25355461,沙头角街道,盐田区沙头角田心东路20号,lng:114.228812|lat:22.552593
4403000000023004,田东,0755-25219262,海山街道,盐田区云汉路9号,lng:114.241339|lat:22.561851
4403000000023005,茜坑,0755-28012728,福城街道,龙华区观澜大道157号,lng:114.043423|lat:22.707164
4403000000023006,桂花,0755-27995788,观澜街道,龙华区观澜大道桂花路139号,lng:114.060457|lat:22.726314
4403000000023007,海涛,0755-25263693,海山街道,盐田区海涛路海涛花园4栋,lng:114.234113|lat:22.545652
4403000000023008,君子布,0755-28161042,观澜街道,龙华区观澜街道环观南路66号,lng:114.101713|lat:22.711315
4403000000023009,沿港,0755-82637725,盐田街道,盐田区深盐路1117号海川阁A座二楼,lng:114.272082|lat:22.586847
4403000000023010,东海,0755-82633048,盐田街道,盐田区盐田路85号,lng:114.257025|lat:22.590776
4403000000023011,明珠,0755-25280832,盐田街道,盐田区明珠大道61号,lng:114.248703|lat:22.59035
4403000000023012,永安,0755-25218942,盐田街道,盐田区四村老塘108号永安社区服务综合楼,lng:114.24692|lat:22.592902
4403000000023013,海桐,0755-22327034,盐田街道,盐田区中青路9号金山碧海花园1栋1楼,lng:114.240238|lat:22.587728
4403000000023014,大梅沙,0755-25060085,梅沙街道,盐田区大梅沙社区综合服务楼,lng:114.304516|lat:22.595427
4403000000023015,滨海,0755-25255396,梅沙街道,盐田区上成路8号滨海社区综合楼,lng:114.311323|lat:22.60096
4403000000023016,牛湖,0755-21038384,观澜街道,龙华区观澜街道牛湖坳顶村222号,lng:114.044635|lat:22.704818
4403000000023017,东海岸,0755-25436682,梅沙街道,盐田区大梅沙环碧路208号,lng:114.29925|lat:22.599632
4403000000023071,上合,0755-29631202,新安街道,宝安区宝城33区新安三路158号,lng:113.906581|lat:22.578988
4403000000023072,甲岸,0755-27750345,新安街道,宝安区宝城7区宝民一路66栋紫岸阁1-3楼,lng:113.904119|lat:22.561562
4403000000023073,翻身,0755-27826246,新安街道,宝安区宝城47区自由路南一巷25号,lng:113.889643|lat:22.567118
4403000000023074,安乐,0755-27883038,新安街道,宝安区宝城42区乐平路21号,lng:113.898024|lat:22.555105
4403000000023075,龙井,0755-27787814,新安街道,宝安区宝城2区前进一路1号湖滨花园27栋前面,lng:113.913419|lat:22.558216
4403000000023076,库坑,0755-28088012,观澜街道,龙华区观澜街道库坑同富裕工业区8号,lng:114.036974|lat:22.738251
4403000000023077,大浪,0755-27570036,新安街道,宝安区宝城28区新安三路一巷,lng:113.912939|lat:22.578498
4403000000023078,兴东,0755-27865590,新安街道,宝安区新安街道留仙二路二巷18号,lng:113.917121|lat:22.582147
4403000000023018,布心,0755-27829006,新安街道,宝安区宝城74区布心二村西一巷1号旁边,lng:113.895409|lat:22.587058
4403000000023019,上川,0755-27967800,新安街道,宝安区宝城35区安华一巷15号,lng:113.89772|lat:22.580061
4403000000023079,文雅,0755-27831287,新安街道,宝安区新安街道34-1区永联路品尚居105号,lng:113.89153|lat:22.573257
4403000000023020,黎光,0755-28163498,观澜街道,龙华区观澜街道黎光社区新围199号,lng:114.035983|lat:22.755733
4403000000023021,建安,0755-27758708,新安街道,宝安区宝城10区冠城世家冠春一街蟠龙轩1092-1095号,lng:113.903723|lat:22.565665
4403000000023022,灵芝园,0755-27871812,新安街道,宝安区宝城19区灵新一巷88栋101,lng:113.912671|lat:22.567661
4403000000023023,新澜,0755-27983274,观澜街道,龙华区观澜街道观光路1305号观澜行政服务大厅C栋,lng:114.039511|lat:22.72438
4403000000023024,文汇,0755-27806321,新安街道,宝安区宝城30区文汇一街28号百花苑,lng:113.898291|lat:22.572737
4403000000023025,海乐,0755-27843086,新安街道,宝安区宝城39区新安一路3019号海乐社区工作站,lng:113.897994|lat:22.555169
4403000000023026,海裕,0755-23503231,新安街道,宝安区新安街道玉律路163号,lng:113.876603|lat:22.560683
4403000000023027,海华,0755-27844411,新安街道,宝安区48区海华一路海华社区办公大楼,lng:113.886096|lat:22.566087
4403000000023028,海旺,0755-29958626,新安街道,宝安区宝城84区裕安一路3074号风临洲C栋二楼,lng:113.889834|lat:22.559217
4403000000023029,海富,0755-27575431,新安街道,宝安区宝城45区自由路11号,lng:113.894645|lat:22.563886
4403000000023030,新乐,0755-27895131,新安街道,宝安区宝城37区龙泉一路100号,lng:113.906797|lat:22.553739
4403000000023031,固戌,0755-27481435,西乡街道,宝安区西乡固戍社区固戍一路890号三、四楼,lng:113.844633|lat:22.591419
4403000000023032,大水田,0755-23779216,观澜街道,龙华区观澜街道裕新路328号,lng:114.086191|lat:22.735495
4403000000023033,广培,0755-28188638,观澜街道,龙华区观澜街道广培北路57号,lng:114.085051|lat:22.730213
4403000000023034,乐群,0755-27903487,西乡街道,西乡街道乐群二路16号乐群雅居三楼,lng:113.87484|lat:22.579704
4403000000023035,盐田,0755-27366733,西乡街道,宝安区西乡街道盐田社区金海路盐田股份综合楼七楼,lng:113.862841|lat:22.580913
4403000000023036,大富,0755-21040607,观澜街道,龙华区观澜街道桂月路314号（陂老小区内）,lng:114.040771|lat:22.746443
4403000000023037,河西,0755-27934128,西乡街道,宝安区西乡街道建安二路河西金晖苑111号,lng:113.883871|lat:22.584574
4403000000023038,臣田,0755-27585189,西乡街道,宝安区西乡街道宝民二路臣田工业区综合楼A栋臣田党群服务中心,lng:113.997912|lat:22.676196
4403000000023039,庄边,0755-27935789,西乡街道,宝安区西乡街道庄边社区金庄园30号,lng:113.885175|lat:22.586441
4403000000023040,蚝业,0755-27900288,西乡街道,宝安区西乡街道兴业路2010号豪业华庭D栋二楼,lng:113.86714|lat:22.560192